Workbook
Name Users_List: Config!$A$2:$A$2

Sheet Lists
A1: Activities
A2: Shopping
A3: Cleaning
A4: Well-being
A5: Budgeting
A6: Admin
A7: Social Inclusion
A8: Personal Care
A9: Exercise
A10: Other

Sheet Master Template
A1: ASMAH Sadiq | D1: Week Commencing: | E1: 46091
A2: Address:1 Trent Street, Derby, DE24, 8RY
A3: Contracted Hours: | B3: 14
A4: Notes for the week:
A5: Day | B5: Activity | C5: Description / Comment | D5: Time Allocated (hrs) | E5: Time Spent (hrs)
A6: Monday | B6: Budgeting | C6: Cleaning private area | D6: 1 | E6: 1.5
B7: Well-being | C7: Help to manage finance and benefit application | D7: 1 | E7: 1
B8: Other | C8: Cooking | D8: 0.5 | E8: 0.45
A10: Tuesday | B10: Exercise | C10: Go out with staff to the café | D10: 1 | E10: 2
B11: Social Inclusion | C11: Go for swimming | D11: 1 | E11: 1.5
B12: Other | C12: Meal preparation
A14: Wednesday | B14: Other
A18: Thursday
A22: Friday
A26: Saturday
A30: Sunday
A34: Weekly Total Time Spent | E34: =SUM(E6:E33) -> 6.45
A35: Contracted Hours | E35: =B3 -> 14
A36: Hours Remaining | E36: =E35-E34 -> 7.55

Sheet Summary
A1: Service User | B1: Sheet Name | C1: Week Commencing | D1: Total Hours Delivered | E1: Contracted Hours | F1: Hours Remaining | G1: Notes for the Week | H1: Missed/Refused (count) | I1: Count: Shopping | J1: Count: Cleaning | K1: Count: Well-being | L1: Count: Budgeting | M1: Count: Admin | N1: Count: Social Inclusion | O1: Count: Personal Care | P1: Count: Exercise | Q1: Count: Other | R1: Mon | S1: Tue | T1: Wed | U1: Thu | V1: Fri | W1: Sat | X1: Sun
A2: =IFERROR(INDEX(Config!$A:$A,ROW()),) -> Example Service User | B2: =IFERROR(INDEX(Config!$B:$B,ROW()),) -> Master Template | F2: =IFERROR(E2-D2,"") -> 0
A3: =IFERROR(INDEX(Config!$A:$A,ROW()),) -> 0 | B3: =IFERROR(INDEX(Config!$B:$B,ROW()),) -> 0 | F3: =IFERROR(E3-D3,"") -> 0
A4: =IFERROR(INDEX(Config!$A:$A,ROW()),) -> 0 | B4: =IFERROR(INDEX(Config!$B:$B,ROW()),) -> 0 | F4: =IFERROR(E4-D4,"") -> 0
A5: =IFERROR(INDEX(Config!$A:$A,ROW()),) -> 0 | B5: =IFERROR(INDEX(Config!$B:$B,ROW()),) -> 0 | F5: =IFERROR(E5-D5,"") -> 0
A6: =IFERROR(INDEX(Config!$A:$A,ROW()),) -> 0 | B6: =IFERROR(INDEX(Config!$B:$B,ROW()),) -> 0 | F6: =IFERROR(E6-D6,"") -> 0
A7: =IFERROR(INDEX(Config!$A:$A,ROW()),) -> 0 | B7: =IFERROR(INDEX(Config!$B:$B,ROW()),) -> 0 | F7: =IFERROR(E7-D7,"") -> 0
A8: =IFERROR(INDEX(Config!$A:$A,ROW()),) -> 0 | B8: =IFERROR(INDEX(Config!$B:$B,ROW()),) -> 0 | F8: =IFERROR(E8-D8,"") -> 0
A9: =IFERROR(INDEX(Config!$A:$A,ROW()),) -> 0 | B9: =IFERROR(INDEX(Config!$B:$B,ROW()),) -> 0 | F9: =IFERROR(E9-D9,"") -> 0
A10: =IFERROR(INDEX(Config!$A:$A,ROW()),) -> 0 | B10: =IFERROR(INDEX(Config!$B:$B,ROW()),) -> 0 | F10: =IFERROR(E10-D10,"") -> 0
A11: =IFERROR(INDEX(Config!$A:$A,ROW()),) -> 0 | B11: =IFERROR(INDEX(Config!$B:$B,ROW()),) -> 0 | F11: =IFERROR(E11-D11,"") -> 0
A12: =IFERROR(INDEX(Config!$A:$A,ROW()),) -> 0 | B12: =IFERROR(INDEX(Config!$B:$B,ROW()),) -> 0 | F12: =IFERROR(E12-D12,"") -> 0
A13: =IFERROR(INDEX(Config!$A:$A,ROW()),) -> 0 | B13: =IFERROR(INDEX(Config!$B:$B,ROW()),) -> 0 | F13: =IFERROR(E13-D13,"") -> 0
... A151: =IFERROR(INDEX(Config!$A:$A,ROW()),) -> 0 | B151: =IFERROR(INDEX(Config!$B:$B,ROW()),) -> 0 | F151: =IFERROR(E151-D151,"") -> 0

Sheet Commissioner Export
A1: Commissioner Summary (auto-filled)
A2: Source sheet name:
A4: Service User: | B4: =IF(B2="","",INDIRECT("'"&B2&"'!B1"))
A5: Week Commencing: | B5: =IF(B2="","",INDIRECT("'"&B2&"'!E1"))
A6: Contracted Hours: | B6: =IF(B2="","",INDIRECT("'"&B2&"'!B3"))
A7: Total Hours Delivered: | B7: =IF(B2="","",INDIRECT("'"&B2&"'!E34"))
A8: Hours Remaining: | B8: =IF(B2="","",INDIRECT("'"&B2&"'!E36"))
A10: Activity Breakdown
A11: Shopping | B11: =IF(B2="","",COUNTIF(INDIRECT("'"&B2&"'!B6:B33"),"Shopping"))
A12: Cleaning | B12: =IF(B2="","",COUNTIF(INDIRECT("'"&B2&"'!B6:B33"),"Cleaning"))
A13: Well-being | B13: =IF(B2="","",COUNTIF(INDIRECT("'"&B2&"'!B6:B33"),"Well-being"))
A14: Budgeting | B14: =IF(B2="","",COUNTIF(INDIRECT("'"&B2&"'!B6:B33"),"Budgeting"))
A15: Admin | B15: =IF(B2="","",COUNTIF(INDIRECT("'"&B2&"'!B6:B33"),"Admin"))
A16: Social Inclusion | B16: =IF(B2="","",COUNTIF(INDIRECT("'"&B2&"'!B6:B33"),"Social Inclusion"))
A17: Personal Care | B17: =IF(B2="","",COUNTIF(INDIRECT("'"&B2&"'!B6:B33"),"Personal Care"))
A18: Exercise | B18: =IF(B2="","",COUNTIF(INDIRECT("'"&B2&"'!B6:B33"),"Exercise"))
A19: Other | B19: =IF(B2="","",COUNTIF(INDIRECT("'"&B2&"'!B6:B33"),"Other"))
A21: Notes for the Week
A22: =IF(B2="","",INDIRECT("'"&B2&"'!C4"))
A28: Missed/Refused (count) | B28: =IF(B2="","",COUNTIF(INDIRECT("'"&B2&"'!C6:C33"),"*miss*")+COUNTIF(INDIRECT("'"&B2&"'!C6:C33"),"*refus*")+COUNTIF(INDIRECT("'"&B2&"'!C6:C33"),"*declin*")+COUNTIF(INDIRECT("'"&B2&"'!C6:C33"),"*did not*"))

Sheet Config
A1: Service User | B1: Sheet Name | C1: Manager Email | D1: Team Email
A2: Example Service User | B2: Master Template | C2: manager@example.org | D2: team@example.org

Sheet Dashboard
A1: Multi-User Dashboard
A3: Week Commencing: | D3: Service User: | E3: All
A6: KPIs
A7: Total Hours Delivered | B7: =SUMPRODUCT((Summary!$C$2:$C$1000=$B$3)*((Summary!$A$2:$A$1000=$E$3)+($E$3="All"))*Summary!$D$2:$D$1000) -> 0
A8: Total Contracted Hours | B8: =SUMPRODUCT((Summary!$C$2:$C$1000=$B$3)*((Summary!$A$2:$A$1000=$E$3)+($E$3="All"))*Summary!$E$2:$E$1000) -> 0
A9: Total Hours Remaining | B9: =SUMPRODUCT((Summary!$C$2:$C$1000=$B$3)*((Summary!$A$2:$A$1000=$E$3)+($E$3="All"))*Summary!$F$2:$F$1000) -> 0
A10: Average Utilisation % | B10: =IFERROR(SUMPRODUCT((Summary!$C$2:$C$1000=$B$3)*((Summary!$A$2:$A$1000=$E$3)+($E$3="All"))*(Summary!$D$2:$D$1000)/(Summary!$E$2:$E$1000))/SUMPRODUCT((Summary!$C$2:$C$1000=$B$3)*((Summary!$A$2:$A$1000=$E$3)+($E$3="All"))),0) -> 0
A13: Activity Category Totals | E13: Service User | F13: Delivered | G13: Contracted
A14: Shopping | B14: =SUMPRODUCT((Summary!$C$2:$C$1000=$B$3)*((Summary!$A$2:$A$1000=$E$3)+($E$3="All"))*Summary!$I$2:$I$1000) -> 0 | E14: =IFERROR(INDEX(Config!$A$2:$A$100,1),"") -> Example Service User | F14: =SUMPRODUCT((Summary!$C$2:$C$1000=$B$3)*(Summary!$A$2:$A$1000=E14)*Summary!$D$2:$D$1000) -> 0 | G14: =SUMPRODUCT((Summary!$C$2:$C$1000=$B$3)*(Summary!$A$2:$A$1000=E14)*Summary!$E$2:$E$1000) -> 0
A15: Cleaning | B15: =SUMPRODUCT((Summary!$C$2:$C$1000=$B$3)*((Summary!$A$2:$A$1000=$E$3)+($E$3="All"))*Summary!$J$2:$J$1000) -> 0 | E15: =IFERROR(INDEX(Config!$A$2:$A$100,2),"") -> 0 | F15: =SUMPRODUCT((Summary!$C$2:$C$1000=$B$3)*(Summary!$A$2:$A$1000=E15)*Summary!$D$2:$D$1000) -> 0 | G15: =SUMPRODUCT((Summary!$C$2:$C$1000=$B$3)*(Summary!$A$2:$A$1000=E15)*Summary!$E$2:$E$1000) -> 0
A16: Well-being | B16: =SUMPRODUCT((Summary!$C$2:$C$1000=$B$3)*((Summary!$A$2:$A$1000=$E$3)+($E$3="All"))*Summary!$K$2:$K$1000) -> 0 | E16: =IFERROR(INDEX(Config!$A$2:$A$100,3),"") -> 0 | F16: =SUMPRODUCT((Summary!$C$2:$C$1000=$B$3)*(Summary!$A$2:$A$1000=E16)*Summary!$D$2:$D$1000) -> 0 | G16: =SUMPRODUCT((Summary!$C$2:$C$1000=$B$3)*(Summary!$A$2:$A$1000=E16)*Summary!$E$2:$E$1000) -> 0
A17: Budgeting | B17: =SUMPRODUCT((Summary!$C$2:$C$1000=$B$3)*((Summary!$A$2:$A$1000=$E$3)+($E$3="All"))*Summary!$L$2:$L$1000) -> 0 | E17: =IFERROR(INDEX(Config!$A$2:$A$100,4),"") -> 0 | F17: =SUMPRODUCT((Summary!$C$2:$C$1000=$B$3)*(Summary!$A$2:$A$1000=E17)*Summary!$D$2:$D$1000) -> 0 | G17: =SUMPRODUCT((Summary!$C$2:$C$1000=$B$3)*(Summary!$A$2:$A$1000=E17)*Summary!$E$2:$E$1000) -> 0
A18: Admin | B18: =SUMPRODUCT((Summary!$C$2:$C$1000=$B$3)*((Summary!$A$2:$A$1000=$E$3)+($E$3="All"))*Summary!$M$2:$M$1000) -> 0 | E18: =IFERROR(INDEX(Config!$A$2:$A$100,5),"") -> 0 | F18: =SUMPRODUCT((Summary!$C$2:$C$1000=$B$3)*(Summary!$A$2:$A$1000=E18)*Summary!$D$2:$D$1000) -> 0 | G18: =SUMPRODUCT((Summary!$C$2:$C$1000=$B$3)*(Summary!$A$2:$A$1000=E18)*Summary!$E$2:$E$1000) -> 0
A19: Social Inclusion | B19: =SUMPRODUCT((Summary!$C$2:$C$1000=$B$3)*((Summary!$A$2:$A$1000=$E$3)+($E$3="All"))*Summary!$N$2:$N$1000) -> 0 | E19: =IFERROR(INDEX(Config!$A$2:$A$100,6),"") -> 0 | F19: =SUMPRODUCT((Summary!$C$2:$C$1000=$B$3)*(Summary!$A$2:$A$1000=E19)*Summary!$D$2:$D$1000) -> 0 | G19: =SUMPRODUCT((Summary!$C$2:$C$1000=$B$3)*(Summary!$A$2:$A$1000=E19)*Summary!$E$2:$E$1000) -> 0
A20: Personal Care | B20: =SUMPRODUCT((Summary!$C$2:$C$1000=$B$3)*((Summary!$A$2:$A$1000=$E$3)+($E$3="All"))*Summary!$O$2:$O$1000) -> 0 | E20: =IFERROR(INDEX(Config!$A$2:$A$100,7),"") -> 0 | F20: =SUMPRODUCT((Summary!$C$2:$C$1000=$B$3)*(Summary!$A$2:$A$1000=E20)*Summary!$D$2:$D$1000) -> 0 | G20: =SUMPRODUCT((Summary!$C$2:$C$1000=$B$3)*(Summary!$A$2:$A$1000=E20)*Summary!$E$2:$E$1000) -> 0
A21: Exercise | B21: =SUMPRODUCT((Summary!$C$2:$C$1000=$B$3)*((Summary!$A$2:$A$1000=$E$3)+($E$3="All"))*Summary!$P$2:$P$1000) -> 0 | E21: =IFERROR(INDEX(Config!$A$2:$A$100,8),"") -> 0 | F21: =SUMPRODUCT((Summary!$C$2:$C$1000=$B$3)*(Summary!$A$2:$A$1000=E21)*Summary!$D$2:$D$1000) -> 0 | G21: =SUMPRODUCT((Summary!$C$2:$C$1000=$B$3)*(Summary!$A$2:$A$1000=E21)*Summary!$E$2:$E$1000) -> 0
A22: Other | B22: =SUMPRODUCT((Summary!$C$2:$C$1000=$B$3)*((Summary!$A$2:$A$1000=$E$3)+($E$3="All"))*Summary!$Q$2:$Q$1000) -> 0 | E22: =IFERROR(INDEX(Config!$A$2:$A$100,9),"") -> 0 | F22: =SUMPRODUCT((Summary!$C$2:$C$1000=$B$3)*(Summary!$A$2:$A$1000=E22)*Summary!$D$2:$D$1000) -> 0 | G22: =SUMPRODUCT((Summary!$C$2:$C$1000=$B$3)*(Summary!$A$2:$A$1000=E22)*Summary!$E$2:$E$1000) -> 0
E23: =IFERROR(INDEX(Config!$A$2:$A$100,10),"") -> 0 | F23: =SUMPRODUCT((Summary!$C$2:$C$1000=$B$3)*(Summary!$A$2:$A$1000=E23)*Summary!$D$2:$D$1000) -> 0 | G23: =SUMPRODUCT((Summary!$C$2:$C$1000=$B$3)*(Summary!$A$2:$A$1000=E23)*Summary!$E$2:$E$1000) -> 0
E24: =IFERROR(INDEX(Config!$A$2:$A$100,11),"") -> 0 | F24: =SUMPRODUCT((Summary!$C$2:$C$1000=$B$3)*(Summary!$A$2:$A$1000=E24)*Summary!$D$2:$D$1000) -> 0 | G24: =SUMPRODUCT((Summary!$C$2:$C$1000=$B$3)*(Summary!$A$2:$A$1000=E24)*Summary!$E$2:$E$1000) -> 0
A25: Mon | B25: Tue | C25: Wed | D25: Thu | E25: Fri | F25: Sat | G25: Sun
A26: =SUMPRODUCT((Summary!$C$2:$C$1000=$B$3)*((Summary!$A$2:$A$1000=$E$3)+($E$3="All"))*Summary!$S$2:$S$1000) -> 0 | B26: =SUMPRODUCT((Summary!$C$2:$C$1000=$B$3)*((Summary!$A$2:$A$1000=$E$3)+($E$3="All"))*Summary!$T$2:$T$1000) -> 0 | C26: =SUMPRODUCT((Summary!$C$2:$C$1000=$B$3)*((Summary!$A$2:$A$1000=$E$3)+($E$3="All"))*Summary!$U$2:$U$1000) -> 0 | D26: =SUMPRODUCT((Summary!$C$2:$C$1000=$B$3)*((Summary!$A$2:$A$1000=$E$3)+($E$3="All"))*Summary!$V$2:$V$1000) -> 0 | E26: =SUMPRODUCT((Summary!$C$2:$C$1000=$B$3)*((Summary!$A$2:$A$1000=$E$3)+($E$3="All"))*Summary!$W$2:$W$1000) -> 0 | F26: =SUMPRODUCT((Summary!$C$2:$C$1000=$B$3)*((Summary!$A$2:$A$1000=$E$3)+($E$3="All"))*Summary!$X$2:$X$1000) -> 0 | G26: =SUMPRODUCT((Summary!$C$2:$C$1000=$B$3)*((Summary!$A$2:$A$1000=$E$3)+($E$3="All"))*Summary!$Y$2:$Y$1000) -> 0
E27: =IFERROR(INDEX(Config!$A$2:$A$100,14),"") -> 0 | F27: =SUMPRODUCT((Summary!$C$2:$C$1000=$B$3)*(Summary!$A$2:$A$1000=E27)*Summary!$D$2:$D$1000) -> 0 | G27: =SUMPRODUCT((Summary!$C$2:$C$1000=$B$3)*(Summary!$A$2:$A$1000=E27)*Summary!$E$2:$E$1000) -> 0
E28: =IFERROR(INDEX(Config!$A$2:$A$100,15),"") -> 0 | F28: =SUMPRODUCT((Summary!$C$2:$C$1000=$B$3)*(Summary!$A$2:$A$1000=E28)*Summary!$D$2:$D$1000) -> 0 | G28: =SUMPRODUCT((Summary!$C$2:$C$1000=$B$3)*(Summary!$A$2:$A$1000=E28)*Summary!$E$2:$E$1000) -> 0
E29: =IFERROR(INDEX(Config!$A$2:$A$100,16),"") -> 0 | F29: =SUMPRODUCT((Summary!$C$2:$C$1000=$B$3)*(Summary!$A$2:$A$1000=E29)*Summary!$D$2:$D$1000) -> 0 | G29: =SUMPRODUCT((Summary!$C$2:$C$1000=$B$3)*(Summary!$A$2:$A$1000=E29)*Summary!$E$2:$E$1000) -> 0
E30: =IFERROR(INDEX(Config!$A$2:$A$100,17),"") -> 0 | F30: =SUMPRODUCT((Summary!$C$2:$C$1000=$B$3)*(Summary!$A$2:$A$1000=E30)*Summary!$D$2:$D$1000) -> 0 | G30: =SUMPRODUCT((Summary!$C$2:$C$1000=$B$3)*(Summary!$A$2:$A$1000=E30)*Summary!$E$2:$E$1000) -> 0
E31: =IFERROR(INDEX(Config!$A$2:$A$100,18),"") -> 0 | F31: =SUMPRODUCT((Summary!$C$2:$C$1000=$B$3)*(Summary!$A$2:$A$1000=E31)*Summary!$D$2:$D$1000) -> 0 | G31: =SUMPRODUCT((Summary!$C$2:$C$1000=$B$3)*(Summary!$A$2:$A$1000=E31)*Summary!$E$2:$E$1000) -> 0
E32: =IFERROR(INDEX(Config!$A$2:$A$100,19),"") -> 0 | F32: =SUMPRODUCT((Summary!$C$2:$C$1000=$B$3)*(Summary!$A$2:$A$1000=E32)*Summary!$D$2:$D$1000) -> 0 | G32: =SUMPRODUCT((Summary!$C$2:$C$1000=$B$3)*(Summary!$A$2:$A$1000=E32)*Summary!$E$2:$E$1000) -> 0
E33: =IFERROR(INDEX(Config!$A$2:$A$100,20),"") -> 0 | F33: =SUMPRODUCT((Summary!$C$2:$C$1000=$B$3)*(Summary!$A$2:$A$1000=E33)*Summary!$D$2:$D$1000) -> 0 | G33: =SUMPRODUCT((Summary!$C$2:$C$1000=$B$3)*(Summary!$A$2:$A$1000=E33)*Summary!$E$2:$E$1000) -> 0
E34: =IFERROR(INDEX(Config!$A$2:$A$100,21),"") -> 0 | F34: =SUMPRODUCT((Summary!$C$2:$C$1000=$B$3)*(Summary!$A$2:$A$1000=E34)*Summary!$D$2:$D$1000) -> 0 | G34: =SUMPRODUCT((Summary!$C$2:$C$1000=$B$3)*(Summary!$A$2:$A$1000=E34)*Summary!$E$2:$E$1000) -> 0
E35: =IFERROR(INDEX(Config!$A$2:$A$100,22),"") -> 0 | F35: =SUMPRODUCT((Summary!$C$2:$C$1000=$B$3)*(Summary!$A$2:$A$1000=E35)*Summary!$D$2:$D$1000) -> 0 | G35: =SUMPRODUCT((Summary!$C$2:$C$1000=$B$3)*(Summary!$A$2:$A$1000=E35)*Summary!$E$2:$E$1000) -> 0
E36: =IFERROR(INDEX(Config!$A$2:$A$100,23),"") -> 0 | F36: =SUMPRODUCT((Summary!$C$2:$C$1000=$B$3)*(Summary!$A$2:$A$1000=E36)*Summary!$D$2:$D$1000) -> 0 | G36: =SUMPRODUCT((Summary!$C$2:$C$1000=$B$3)*(Summary!$A$2:$A$1000=E36)*Summary!$E$2:$E$1000) -> 0
E37: =IFERROR(INDEX(Config!$A$2:$A$100,24),"") -> 0 | F37: =SUMPRODUCT((Summary!$C$2:$C$1000=$B$3)*(Summary!$A$2:$A$1000=E37)*Summary!$D$2:$D$1000) -> 0 | G37: =SUMPRODUCT((Summary!$C$2:$C$1000=$B$3)*(Summary!$A$2:$A$1000=E37)*Summary!$E$2:$E$1000) -> 0
E38: =IFERROR(INDEX(Config!$A$2:$A$100,25),"") -> 0 | F38: =SUMPRODUCT((Summary!$C$2:$C$1000=$B$3)*(Summary!$A$2:$A$1000=E38)*Summary!$D$2:$D$1000) -> 0 | G38: =SUMPRODUCT((Summary!$C$2:$C$1000=$B$3)*(Summary!$A$2:$A$1000=E38)*Summary!$E$2:$E$1000) -> 0
E39: =IFERROR(INDEX(Config!$A$2:$A$100,26),"") -> 0 | F39: =SUMPRODUCT((Summary!$C$2:$C$1000=$B$3)*(Summary!$A$2:$A$1000=E39)*Summary!$D$2:$D$1000) -> 0 | G39: =SUMPRODUCT((Summary!$C$2:$C$1000=$B$3)*(Summary!$A$2:$A$1000=E39)*Summary!$E$2:$E$1000) -> 0
E40: =IFERROR(INDEX(Config!$A$2:$A$100,27),"") -> 0 | F40: =SUMPRODUCT((Summary!$C$2:$C$1000=$B$3)*(Summary!$A$2:$A$1000=E40)*Summary!$D$2:$D$1000) -> 0 | G40: =SUMPRODUCT((Summary!$C$2:$C$1000=$B$3)*(Summary!$A$2:$A$1000=E40)*Summary!$E$2:$E$1000) -> 0
E41: =IFERROR(INDEX(Config!$A$2:$A$100,28),"") -> 0 | F41: =SUMPRODUCT((Summary!$C$2:$C$1000=$B$3)*(Summary!$A$2:$A$1000=E41)*Summary!$D$2:$D$1000) -> 0 | G41: =SUMPRODUCT((Summary!$C$2:$C$1000=$B$3)*(Summary!$A$2:$A$1000=E41)*Summary!$E$2:$E$1000) -> 0
E42: =IFERROR(INDEX(Config!$A$2:$A$100,29),"") -> 0 | F42: =SUMPRODUCT((Summary!$C$2:$C$1000=$B$3)*(Summary!$A$2:$A$1000=E42)*Summary!$D$2:$D$1000) -> 0 | G42: =SUMPRODUCT((Summary!$C$2:$C$1000=$B$3)*(Summary!$A$2:$A$1000=E42)*Summary!$E$2:$E$1000) -> 0
E43: =IFERROR(INDEX(Config!$A$2:$A$100,30),"") -> 0 | F43: =SUMPRODUCT((Summary!$C$2:$C$1000=$B$3)*(Summary!$A$2:$A$1000=E43)*Summary!$D$2:$D$1000) -> 0 | G43: =SUMPRODUCT((Summary!$C$2:$C$1000=$B$3)*(Summary!$A$2:$A$1000=E43)*Summary!$E$2:$E$1000) -> 0
